{
    "model_name": "muril",
    "accuracy": 0.9596662030598053,
    "precision": 0.9451371571072319,
    "recall": 0.9818652849740933,
    "f1_score": 0.963151207115629,
    "roc_auc": 0.9921968600725077,
    "false_positives": 22,
    "false_negatives": 7,
    "hindi_errors": 0
}