{
    "model_name": "xlmr",
    "accuracy": 0.9763560500695411,
    "precision": 0.9694656488549618,
    "recall": 0.9870466321243523,
    "f1_score": 0.9781771501925546,
    "roc_auc": 0.9973782072227668,
    "false_positives": 12,
    "false_negatives": 5,
    "hindi_errors": 0
}